{"DZ": 229.38758508571428, "EG": 273.85045502857145, "MA": 231.08008855714283, "TN": 218.48755592857142, "CM": 140.87872797142856, "CF": 125.70641255714285, "BI": 109.91837804285714, "ER": 121.74313262857143, "ET": 163.5981654, "KE": 134.96399082857144, "RW": 130.42412180000002, "SD": 138.8775085857143, "TZ": 155.44273445714288, "UG": 127.51738999999999, "AO": 141.92191927142858, "LS": 184.6481329285714, "MG": 171.50027694285714, "MW": 193.63955677142857, "MZ": 190.97964844285713, "SZ": 164.12977717142857, "ZM": 141.10285787142857, "ZW": 154.49871147142858, "BJ": 221.08831648571427, "BF": 202.36181167142854, "CV": 212.94789438571428, "TD": 145.0587964285714, "CI": 197.80845075714288, "GM": 179.51245657142857, "GH": 237.3702019, "GN": 206.36915991428572, "GW": 183.26802767142857, "LR": 149.47712962857142, "ML": 188.79416425714285, "MR": 151.55823755714283, "NE": 229.62768737142855, "NG": 207.80010414285712, "SN": 180.4930237714286, "SL": 115.38864186714287, "TG": 197.4162093, "NA": 168.51861644285717, "CG": 170.4544330142857}